top_left,top_right,bottom_left,colour
puzzle_0_tl,puzzle_0_tr,puzzle_0_bl,yellow
puzzle_1_tl,puzzle_1_tr,puzzle_1_bl,blue
puzzle_2_tl,puzzle_2_tr,puzzle_2_bl,green
puzzle_3_tl,puzzle_3_tr,puzzle_3_bl,cyan
puzzle_4_tl,puzzle_4_tr,puzzle_4_bl,yellow
puzzle_5_tl,puzzle_5_tr,puzzle_5_bl,red
puzzle_6_tl,puzzle_6_tr,puzzle_6_bl,red
puzzle_7_tl,puzzle_7_tr,puzzle_7_bl,cyan
puzzle_8_tl,puzzle_8_tr,puzzle_8_bl,cyan
puzzle_9_tl,puzzle_9_tr,puzzle_9_bl,blue
puzzle_10_tl,puzzle_10_tr,puzzle_10_bl,cyan
puzzle_11_tl,puzzle_11_tr,puzzle_11_bl,green
puzzle_12_tl,puzzle_12_tr,puzzle_12_bl,green
puzzle_13_tl,puzzle_13_tr,puzzle_13_bl,magenta
puzzle_14_tl,puzzle_14_tr,puzzle_14_bl,yellow
puzzle_15_tl,puzzle_15_tr,puzzle_15_bl,green
puzzle_16_tl,puzzle_16_tr,puzzle_16_bl,cyan
puzzle_17_tl,puzzle_17_tr,puzzle_17_bl,cyan
puzzle_18_tl,puzzle_18_tr,puzzle_18_bl,red
puzzle_19_tl,puzzle_19_tr,puzzle_19_bl,yellow
puzzle_20_tl,puzzle_20_tr,puzzle_20_bl,cyan
puzzle_21_tl,puzzle_21_tr,puzzle_21_bl,yellow
puzzle_22_tl,puzzle_22_tr,puzzle_22_bl,magenta
puzzle_23_tl,puzzle_23_tr,puzzle_23_bl,blue
puzzle_24_tl,puzzle_24_tr,puzzle_24_bl,green
puzzle_25_tl,puzzle_25_tr,puzzle_25_bl,red
puzzle_26_tl,puzzle_26_tr,puzzle_26_bl,yellow
puzzle_27_tl,puzzle_27_tr,puzzle_27_bl,green
puzzle_28_tl,puzzle_28_tr,puzzle_28_bl,cyan
puzzle_29_tl,puzzle_29_tr,puzzle_29_bl,green
puzzle_30_tl,puzzle_30_tr,puzzle_30_bl,cyan
puzzle_31_tl,puzzle_31_tr,puzzle_31_bl,cyan
puzzle_32_tl,puzzle_32_tr,puzzle_32_bl,red
puzzle_33_tl,puzzle_33_tr,puzzle_33_bl,green
puzzle_34_tl,puzzle_34_tr,puzzle_34_bl,green
puzzle_35_tl,puzzle_35_tr,puzzle_35_bl,yellow
puzzle_36_tl,puzzle_36_tr,puzzle_36_bl,yellow
puzzle_37_tl,puzzle_37_tr,puzzle_37_bl,red
puzzle_38_tl,puzzle_38_tr,puzzle_38_bl,green
puzzle_39_tl,puzzle_39_tr,puzzle_39_bl,red
puzzle_40_tl,puzzle_40_tr,puzzle_40_bl,green
puzzle_41_tl,puzzle_41_tr,puzzle_41_bl,cyan
puzzle_42_tl,puzzle_42_tr,puzzle_42_bl,magenta
puzzle_43_tl,puzzle_43_tr,puzzle_43_bl,yellow
puzzle_44_tl,puzzle_44_tr,puzzle_44_bl,magenta
puzzle_45_tl,puzzle_45_tr,puzzle_45_bl,cyan
puzzle_46_tl,puzzle_46_tr,puzzle_46_bl,green
puzzle_47_tl,puzzle_47_tr,puzzle_47_bl,red
puzzle_48_tl,puzzle_48_tr,puzzle_48_bl,magenta
puzzle_49_tl,puzzle_49_tr,puzzle_49_bl,blue
puzzle_50_tl,puzzle_50_tr,puzzle_50_bl,blue
puzzle_51_tl,puzzle_51_tr,puzzle_51_bl,green
puzzle_52_tl,puzzle_52_tr,puzzle_52_bl,cyan
puzzle_53_tl,puzzle_53_tr,puzzle_53_bl,green
puzzle_54_tl,puzzle_54_tr,puzzle_54_bl,yellow
puzzle_55_tl,puzzle_55_tr,puzzle_55_bl,yellow
puzzle_56_tl,puzzle_56_tr,puzzle_56_bl,blue
puzzle_57_tl,puzzle_57_tr,puzzle_57_bl,yellow
puzzle_58_tl,puzzle_58_tr,puzzle_58_bl,yellow
puzzle_59_tl,puzzle_59_tr,puzzle_59_bl,green
puzzle_60_tl,puzzle_60_tr,puzzle_60_bl,blue
puzzle_61_tl,puzzle_61_tr,puzzle_61_bl,green
puzzle_62_tl,puzzle_62_tr,puzzle_62_bl,magenta
puzzle_63_tl,puzzle_63_tr,puzzle_63_bl,blue
puzzle_64_tl,puzzle_64_tr,puzzle_64_bl,blue
puzzle_65_tl,puzzle_65_tr,puzzle_65_bl,magenta
puzzle_66_tl,puzzle_66_tr,puzzle_66_bl,yellow
puzzle_67_tl,puzzle_67_tr,puzzle_67_bl,magenta
puzzle_68_tl,puzzle_68_tr,puzzle_68_bl,yellow
puzzle_69_tl,puzzle_69_tr,puzzle_69_bl,green
puzzle_70_tl,puzzle_70_tr,puzzle_70_bl,magenta
puzzle_71_tl,puzzle_71_tr,puzzle_71_bl,magenta
puzzle_72_tl,puzzle_72_tr,puzzle_72_bl,yellow
puzzle_73_tl,puzzle_73_tr,puzzle_73_bl,red
puzzle_74_tl,puzzle_74_tr,puzzle_74_bl,cyan
puzzle_75_tl,puzzle_75_tr,puzzle_75_bl,magenta
puzzle_76_tl,puzzle_76_tr,puzzle_76_bl,blue
puzzle_77_tl,puzzle_77_tr,puzzle_77_bl,cyan
puzzle_78_tl,puzzle_78_tr,puzzle_78_bl,blue
puzzle_79_tl,puzzle_79_tr,puzzle_79_bl,red
puzzle_80_tl,puzzle_80_tr,puzzle_80_bl,yellow
puzzle_81_tl,puzzle_81_tr,puzzle_81_bl,magenta
puzzle_82_tl,puzzle_82_tr,puzzle_82_bl,yellow
puzzle_83_tl,puzzle_83_tr,puzzle_83_bl,green
puzzle_84_tl,puzzle_84_tr,puzzle_84_bl,red
puzzle_85_tl,puzzle_85_tr,puzzle_85_bl,green
puzzle_86_tl,puzzle_86_tr,puzzle_86_bl,yellow
puzzle_87_tl,puzzle_87_tr,puzzle_87_bl,magenta
puzzle_88_tl,puzzle_88_tr,puzzle_88_bl,green
puzzle_89_tl,puzzle_89_tr,puzzle_89_bl,yellow
puzzle_90_tl,puzzle_90_tr,puzzle_90_bl,red
puzzle_91_tl,puzzle_91_tr,puzzle_91_bl,red
puzzle_92_tl,puzzle_92_tr,puzzle_92_bl,magenta
puzzle_93_tl,puzzle_93_tr,puzzle_93_bl,red
puzzle_94_tl,puzzle_94_tr,puzzle_94_bl,yellow
puzzle_95_tl,puzzle_95_tr,puzzle_95_bl,red
puzzle_96_tl,puzzle_96_tr,puzzle_96_bl,blue
puzzle_97_tl,puzzle_97_tr,puzzle_97_bl,green
puzzle_98_tl,puzzle_98_tr,puzzle_98_bl,blue
puzzle_99_tl,puzzle_99_tr,puzzle_99_bl,cyan
puzzle_100_tl,puzzle_100_tr,puzzle_100_bl,yellow
puzzle_101_tl,puzzle_101_tr,puzzle_101_bl,cyan
puzzle_102_tl,puzzle_102_tr,puzzle_102_bl,cyan
puzzle_103_tl,puzzle_103_tr,puzzle_103_bl,blue
puzzle_104_tl,puzzle_104_tr,puzzle_104_bl,yellow
puzzle_105_tl,puzzle_105_tr,puzzle_105_bl,red
puzzle_106_tl,puzzle_106_tr,puzzle_106_bl,green
puzzle_107_tl,puzzle_107_tr,puzzle_107_bl,cyan
puzzle_108_tl,puzzle_108_tr,puzzle_108_bl,green
puzzle_109_tl,puzzle_109_tr,puzzle_109_bl,green
puzzle_110_tl,puzzle_110_tr,puzzle_110_bl,cyan
puzzle_111_tl,puzzle_111_tr,puzzle_111_bl,red
puzzle_112_tl,puzzle_112_tr,puzzle_112_bl,magenta
puzzle_113_tl,puzzle_113_tr,puzzle_113_bl,blue
puzzle_114_tl,puzzle_114_tr,puzzle_114_bl,green
puzzle_115_tl,puzzle_115_tr,puzzle_115_bl,yellow
puzzle_116_tl,puzzle_116_tr,puzzle_116_bl,cyan
puzzle_117_tl,puzzle_117_tr,puzzle_117_bl,cyan
puzzle_118_tl,puzzle_118_tr,puzzle_118_bl,magenta
puzzle_119_tl,puzzle_119_tr,puzzle_119_bl,green
puzzle_120_tl,puzzle_120_tr,puzzle_120_bl,blue
puzzle_121_tl,puzzle_121_tr,puzzle_121_bl,green
puzzle_122_tl,puzzle_122_tr,puzzle_122_bl,red
puzzle_123_tl,puzzle_123_tr,puzzle_123_bl,cyan
puzzle_124_tl,puzzle_124_tr,puzzle_124_bl,red
puzzle_125_tl,puzzle_125_tr,puzzle_125_bl,cyan
puzzle_126_tl,puzzle_126_tr,puzzle_126_bl,yellow
puzzle_127_tl,puzzle_127_tr,puzzle_127_bl,green
puzzle_128_tl,puzzle_128_tr,puzzle_128_bl,cyan
puzzle_129_tl,puzzle_129_tr,puzzle_129_bl,yellow
puzzle_130_tl,puzzle_130_tr,puzzle_130_bl,green
puzzle_131_tl,puzzle_131_tr,puzzle_131_bl,magenta
puzzle_132_tl,puzzle_132_tr,puzzle_132_bl,blue
puzzle_133_tl,puzzle_133_tr,puzzle_133_bl,red
puzzle_134_tl,puzzle_134_tr,puzzle_134_bl,red
puzzle_135_tl,puzzle_135_tr,puzzle_135_bl,green
puzzle_136_tl,puzzle_136_tr,puzzle_136_bl,cyan
puzzle_137_tl,puzzle_137_tr,puzzle_137_bl,red
puzzle_138_tl,puzzle_138_tr,puzzle_138_bl,yellow
puzzle_139_tl,puzzle_139_tr,puzzle_139_bl,yellow
puzzle_140_tl,puzzle_140_tr,puzzle_140_bl,cyan
puzzle_141_tl,puzzle_141_tr,puzzle_141_bl,yellow
puzzle_142_tl,puzzle_142_tr,puzzle_142_bl,yellow
puzzle_143_tl,puzzle_143_tr,puzzle_143_bl,cyan
puzzle_144_tl,puzzle_144_tr,puzzle_144_bl,cyan
puzzle_145_tl,puzzle_145_tr,puzzle_145_bl,yellow
puzzle_146_tl,puzzle_146_tr,puzzle_146_bl,yellow
puzzle_147_tl,puzzle_147_tr,puzzle_147_bl,blue
puzzle_148_tl,puzzle_148_tr,puzzle_148_bl,green
puzzle_149_tl,puzzle_149_tr,puzzle_149_bl,red
puzzle_150_tl,puzzle_150_tr,puzzle_150_bl,cyan
puzzle_151_tl,puzzle_151_tr,puzzle_151_bl,cyan
puzzle_152_tl,puzzle_152_tr,puzzle_152_bl,yellow
puzzle_153_tl,puzzle_153_tr,puzzle_153_bl,green
puzzle_154_tl,puzzle_154_tr,puzzle_154_bl,blue
puzzle_155_tl,puzzle_155_tr,puzzle_155_bl,cyan
puzzle_156_tl,puzzle_156_tr,puzzle_156_bl,cyan
puzzle_157_tl,puzzle_157_tr,puzzle_157_bl,magenta
puzzle_158_tl,puzzle_158_tr,puzzle_158_bl,red
puzzle_159_tl,puzzle_159_tr,puzzle_159_bl,blue
puzzle_160_tl,puzzle_160_tr,puzzle_160_bl,red
puzzle_161_tl,puzzle_161_tr,puzzle_161_bl,yellow
puzzle_162_tl,puzzle_162_tr,puzzle_162_bl,blue
puzzle_163_tl,puzzle_163_tr,puzzle_163_bl,yellow
puzzle_164_tl,puzzle_164_tr,puzzle_164_bl,red
puzzle_165_tl,puzzle_165_tr,puzzle_165_bl,magenta
puzzle_166_tl,puzzle_166_tr,puzzle_166_bl,magenta
puzzle_167_tl,puzzle_167_tr,puzzle_167_bl,yellow
puzzle_168_tl,puzzle_168_tr,puzzle_168_bl,magenta
puzzle_169_tl,puzzle_169_tr,puzzle_169_bl,green
puzzle_170_tl,puzzle_170_tr,puzzle_170_bl,yellow
puzzle_171_tl,puzzle_171_tr,puzzle_171_bl,red
puzzle_172_tl,puzzle_172_tr,puzzle_172_bl,blue
puzzle_173_tl,puzzle_173_tr,puzzle_173_bl,magenta
puzzle_174_tl,puzzle_174_tr,puzzle_174_bl,red
puzzle_175_tl,puzzle_175_tr,puzzle_175_bl,green
puzzle_176_tl,puzzle_176_tr,puzzle_176_bl,blue
puzzle_177_tl,puzzle_177_tr,puzzle_177_bl,magenta
puzzle_178_tl,puzzle_178_tr,puzzle_178_bl,green
puzzle_179_tl,puzzle_179_tr,puzzle_179_bl,green
puzzle_180_tl,puzzle_180_tr,puzzle_180_bl,magenta
puzzle_181_tl,puzzle_181_tr,puzzle_181_bl,yellow
puzzle_182_tl,puzzle_182_tr,puzzle_182_bl,green
puzzle_183_tl,puzzle_183_tr,puzzle_183_bl,yellow
puzzle_184_tl,puzzle_184_tr,puzzle_184_bl,cyan
puzzle_185_tl,puzzle_185_tr,puzzle_185_bl,magenta
puzzle_186_tl,puzzle_186_tr,puzzle_186_bl,red
puzzle_187_tl,puzzle_187_tr,puzzle_187_bl,blue
puzzle_188_tl,puzzle_188_tr,puzzle_188_bl,cyan
puzzle_189_tl,puzzle_189_tr,puzzle_189_bl,green
puzzle_190_tl,puzzle_190_tr,puzzle_190_bl,cyan
puzzle_191_tl,puzzle_191_tr,puzzle_191_bl,magenta
puzzle_192_tl,puzzle_192_tr,puzzle_192_bl,blue
puzzle_193_tl,puzzle_193_tr,puzzle_193_bl,blue
puzzle_194_tl,puzzle_194_tr,puzzle_194_bl,blue
puzzle_195_tl,puzzle_195_tr,puzzle_195_bl,yellow
puzzle_196_tl,puzzle_196_tr,puzzle_196_bl,blue
puzzle_197_tl,puzzle_197_tr,puzzle_197_bl,magenta
puzzle_198_tl,puzzle_198_tr,puzzle_198_bl,blue
puzzle_199_tl,puzzle_199_tr,puzzle_199_bl,green
puzzle_200_tl,puzzle_200_tr,puzzle_200_bl,blue
puzzle_201_tl,puzzle_201_tr,puzzle_201_bl,cyan
puzzle_202_tl,puzzle_202_tr,puzzle_202_bl,blue
puzzle_203_tl,puzzle_203_tr,puzzle_203_bl,red
puzzle_204_tl,puzzle_204_tr,puzzle_204_bl,magenta
puzzle_205_tl,puzzle_205_tr,puzzle_205_bl,blue
puzzle_206_tl,puzzle_206_tr,puzzle_206_bl,red
puzzle_207_tl,puzzle_207_tr,puzzle_207_bl,green
puzzle_208_tl,puzzle_208_tr,puzzle_208_bl,blue
puzzle_209_tl,puzzle_209_tr,puzzle_209_bl,cyan
puzzle_210_tl,puzzle_210_tr,puzzle_210_bl,blue
puzzle_211_tl,puzzle_211_tr,puzzle_211_bl,yellow
puzzle_212_tl,puzzle_212_tr,puzzle_212_bl,yellow
puzzle_213_tl,puzzle_213_tr,puzzle_213_bl,green
puzzle_214_tl,puzzle_214_tr,puzzle_214_bl,green
puzzle_215_tl,puzzle_215_tr,puzzle_215_bl,yellow
puzzle_216_tl,puzzle_216_tr,puzzle_216_bl,red
puzzle_217_tl,puzzle_217_tr,puzzle_217_bl,green
puzzle_218_tl,puzzle_218_tr,puzzle_218_bl,blue
puzzle_219_tl,puzzle_219_tr,puzzle_219_bl,cyan
puzzle_220_tl,puzzle_220_tr,puzzle_220_bl,cyan
puzzle_221_tl,puzzle_221_tr,puzzle_221_bl,cyan
puzzle_222_tl,puzzle_222_tr,puzzle_222_bl,cyan
puzzle_223_tl,puzzle_223_tr,puzzle_223_bl,yellow
puzzle_224_tl,puzzle_224_tr,puzzle_224_bl,green
puzzle_225_tl,puzzle_225_tr,puzzle_225_bl,blue
puzzle_226_tl,puzzle_226_tr,puzzle_226_bl,cyan
puzzle_227_tl,puzzle_227_tr,puzzle_227_bl,magenta
puzzle_228_tl,puzzle_228_tr,puzzle_228_bl,cyan
puzzle_229_tl,puzzle_229_tr,puzzle_229_bl,blue
puzzle_230_tl,puzzle_230_tr,puzzle_230_bl,cyan
puzzle_231_tl,puzzle_231_tr,puzzle_231_bl,magenta
puzzle_232_tl,puzzle_232_tr,puzzle_232_bl,magenta
puzzle_233_tl,puzzle_233_tr,puzzle_233_bl,blue
puzzle_234_tl,puzzle_234_tr,puzzle_234_bl,green
puzzle_235_tl,puzzle_235_tr,puzzle_235_bl,cyan
puzzle_236_tl,puzzle_236_tr,puzzle_236_bl,green
puzzle_237_tl,puzzle_237_tr,puzzle_237_bl,magenta
puzzle_238_tl,puzzle_238_tr,puzzle_238_bl,cyan
puzzle_239_tl,puzzle_239_tr,puzzle_239_bl,red
puzzle_240_tl,puzzle_240_tr,puzzle_240_bl,green
puzzle_241_tl,puzzle_241_tr,puzzle_241_bl,cyan
puzzle_242_tl,puzzle_242_tr,puzzle_242_bl,green
puzzle_243_tl,puzzle_243_tr,puzzle_243_bl,red
puzzle_244_tl,puzzle_244_tr,puzzle_244_bl,yellow
puzzle_245_tl,puzzle_245_tr,puzzle_245_bl,blue
puzzle_246_tl,puzzle_246_tr,puzzle_246_bl,red
puzzle_247_tl,puzzle_247_tr,puzzle_247_bl,blue
puzzle_248_tl,puzzle_248_tr,puzzle_248_bl,red
puzzle_249_tl,puzzle_249_tr,puzzle_249_bl,magenta
puzzle_250_tl,puzzle_250_tr,puzzle_250_bl,blue
puzzle_251_tl,puzzle_251_tr,puzzle_251_bl,yellow
puzzle_252_tl,puzzle_252_tr,puzzle_252_bl,magenta
puzzle_253_tl,puzzle_253_tr,puzzle_253_bl,green
puzzle_254_tl,puzzle_254_tr,puzzle_254_bl,yellow
puzzle_255_tl,puzzle_255_tr,puzzle_255_bl,red
puzzle_256_tl,puzzle_256_tr,puzzle_256_bl,red
puzzle_257_tl,puzzle_257_tr,puzzle_257_bl,yellow
puzzle_258_tl,puzzle_258_tr,puzzle_258_bl,blue
puzzle_259_tl,puzzle_259_tr,puzzle_259_bl,magenta
puzzle_260_tl,puzzle_260_tr,puzzle_260_bl,red
puzzle_261_tl,puzzle_261_tr,puzzle_261_bl,blue
puzzle_262_tl,puzzle_262_tr,puzzle_262_bl,magenta
puzzle_263_tl,puzzle_263_tr,puzzle_263_bl,magenta
puzzle_264_tl,puzzle_264_tr,puzzle_264_bl,magenta
puzzle_265_tl,puzzle_265_tr,puzzle_265_bl,blue
puzzle_266_tl,puzzle_266_tr,puzzle_266_bl,cyan
puzzle_267_tl,puzzle_267_tr,puzzle_267_bl,red
puzzle_268_tl,puzzle_268_tr,puzzle_268_bl,red
puzzle_269_tl,puzzle_269_tr,puzzle_269_bl,blue
puzzle_270_tl,puzzle_270_tr,puzzle_270_bl,yellow
puzzle_271_tl,puzzle_271_tr,puzzle_271_bl,green
puzzle_272_tl,puzzle_272_tr,puzzle_272_bl,green
puzzle_273_tl,puzzle_273_tr,puzzle_273_bl,blue
puzzle_274_tl,puzzle_274_tr,puzzle_274_bl,green
puzzle_275_tl,puzzle_275_tr,puzzle_275_bl,yellow
puzzle_276_tl,puzzle_276_tr,puzzle_276_bl,red
puzzle_277_tl,puzzle_277_tr,puzzle_277_bl,cyan
puzzle_278_tl,puzzle_278_tr,puzzle_278_bl,blue
puzzle_279_tl,puzzle_279_tr,puzzle_279_bl,yellow
puzzle_280_tl,puzzle_280_tr,puzzle_280_bl,red
puzzle_281_tl,puzzle_281_tr,puzzle_281_bl,cyan
puzzle_282_tl,puzzle_282_tr,puzzle_282_bl,cyan
puzzle_283_tl,puzzle_283_tr,puzzle_283_bl,red
puzzle_284_tl,puzzle_284_tr,puzzle_284_bl,red
puzzle_285_tl,puzzle_285_tr,puzzle_285_bl,green
puzzle_286_tl,puzzle_286_tr,puzzle_286_bl,cyan
puzzle_287_tl,puzzle_287_tr,puzzle_287_bl,cyan
puzzle_288_tl,puzzle_288_tr,puzzle_288_bl,yellow
puzzle_289_tl,puzzle_289_tr,puzzle_289_bl,green
puzzle_290_tl,puzzle_290_tr,puzzle_290_bl,cyan
puzzle_291_tl,puzzle_291_tr,puzzle_291_bl,yellow
puzzle_292_tl,puzzle_292_tr,puzzle_292_bl,green
puzzle_293_tl,puzzle_293_tr,puzzle_293_bl,yellow
puzzle_294_tl,puzzle_294_tr,puzzle_294_bl,red
puzzle_295_tl,puzzle_295_tr,puzzle_295_bl,blue
puzzle_296_tl,puzzle_296_tr,puzzle_296_bl,cyan
puzzle_297_tl,puzzle_297_tr,puzzle_297_bl,red
puzzle_298_tl,puzzle_298_tr,puzzle_298_bl,magenta
puzzle_299_tl,puzzle_299_tr,puzzle_299_bl,cyan
puzzle_300_tl,puzzle_300_tr,puzzle_300_bl,magenta
puzzle_301_tl,puzzle_301_tr,puzzle_301_bl,yellow
puzzle_302_tl,puzzle_302_tr,puzzle_302_bl,magenta
puzzle_303_tl,puzzle_303_tr,puzzle_303_bl,red
puzzle_304_tl,puzzle_304_tr,puzzle_304_bl,green
puzzle_305_tl,puzzle_305_tr,puzzle_305_bl,magenta
puzzle_306_tl,puzzle_306_tr,puzzle_306_bl,yellow
puzzle_307_tl,puzzle_307_tr,puzzle_307_bl,blue
puzzle_308_tl,puzzle_308_tr,puzzle_308_bl,yellow
puzzle_309_tl,puzzle_309_tr,puzzle_309_bl,magenta
puzzle_310_tl,puzzle_310_tr,puzzle_310_bl,cyan
puzzle_311_tl,puzzle_311_tr,puzzle_311_bl,magenta
puzzle_312_tl,puzzle_312_tr,puzzle_312_bl,magenta
puzzle_313_tl,puzzle_313_tr,puzzle_313_bl,red
puzzle_314_tl,puzzle_314_tr,puzzle_314_bl,red
puzzle_315_tl,puzzle_315_tr,puzzle_315_bl,green
puzzle_316_tl,puzzle_316_tr,puzzle_316_bl,blue
puzzle_317_tl,puzzle_317_tr,puzzle_317_bl,red
puzzle_318_tl,puzzle_318_tr,puzzle_318_bl,cyan
puzzle_319_tl,puzzle_319_tr,puzzle_319_bl,blue
puzzle_320_tl,puzzle_320_tr,puzzle_320_bl,red
puzzle_321_tl,puzzle_321_tr,puzzle_321_bl,red
puzzle_322_tl,puzzle_322_tr,puzzle_322_bl,yellow
puzzle_323_tl,puzzle_323_tr,puzzle_323_bl,yellow
puzzle_324_tl,puzzle_324_tr,puzzle_324_bl,blue
puzzle_325_tl,puzzle_325_tr,puzzle_325_bl,cyan
puzzle_326_tl,puzzle_326_tr,puzzle_326_bl,green
puzzle_327_tl,puzzle_327_tr,puzzle_327_bl,red
puzzle_328_tl,puzzle_328_tr,puzzle_328_bl,green
puzzle_329_tl,puzzle_329_tr,puzzle_329_bl,red
puzzle_330_tl,puzzle_330_tr,puzzle_330_bl,green
puzzle_331_tl,puzzle_331_tr,puzzle_331_bl,red
puzzle_332_tl,puzzle_332_tr,puzzle_332_bl,yellow
puzzle_333_tl,puzzle_333_tr,puzzle_333_bl,yellow
puzzle_334_tl,puzzle_334_tr,puzzle_334_bl,blue
puzzle_335_tl,puzzle_335_tr,puzzle_335_bl,green
puzzle_336_tl,puzzle_336_tr,puzzle_336_bl,magenta
puzzle_337_tl,puzzle_337_tr,puzzle_337_bl,magenta
puzzle_338_tl,puzzle_338_tr,puzzle_338_bl,green
puzzle_339_tl,puzzle_339_tr,puzzle_339_bl,green
puzzle_340_tl,puzzle_340_tr,puzzle_340_bl,green
puzzle_341_tl,puzzle_341_tr,puzzle_341_bl,red
puzzle_342_tl,puzzle_342_tr,puzzle_342_bl,red
puzzle_343_tl,puzzle_343_tr,puzzle_343_bl,blue
puzzle_344_tl,puzzle_344_tr,puzzle_344_bl,green
puzzle_345_tl,puzzle_345_tr,puzzle_345_bl,magenta
puzzle_346_tl,puzzle_346_tr,puzzle_346_bl,cyan
puzzle_347_tl,puzzle_347_tr,puzzle_347_bl,blue
puzzle_348_tl,puzzle_348_tr,puzzle_348_bl,magenta
puzzle_349_tl,puzzle_349_tr,puzzle_349_bl,yellow
puzzle_350_tl,puzzle_350_tr,puzzle_350_bl,cyan
puzzle_351_tl,puzzle_351_tr,puzzle_351_bl,red
puzzle_352_tl,puzzle_352_tr,puzzle_352_bl,cyan
puzzle_353_tl,puzzle_353_tr,puzzle_353_bl,red
puzzle_354_tl,puzzle_354_tr,puzzle_354_bl,red
puzzle_355_tl,puzzle_355_tr,puzzle_355_bl,green
puzzle_356_tl,puzzle_356_tr,puzzle_356_bl,yellow
puzzle_357_tl,puzzle_357_tr,puzzle_357_bl,yellow
puzzle_358_tl,puzzle_358_tr,puzzle_358_bl,green
puzzle_359_tl,puzzle_359_tr,puzzle_359_bl,cyan
puzzle_360_tl,puzzle_360_tr,puzzle_360_bl,red
puzzle_361_tl,puzzle_361_tr,puzzle_361_bl,magenta
puzzle_362_tl,puzzle_362_tr,puzzle_362_bl,yellow
puzzle_363_tl,puzzle_363_tr,puzzle_363_bl,cyan
puzzle_364_tl,puzzle_364_tr,puzzle_364_bl,magenta
puzzle_365_tl,puzzle_365_tr,puzzle_365_bl,green
puzzle_366_tl,puzzle_366_tr,puzzle_366_bl,cyan
puzzle_367_tl,puzzle_367_tr,puzzle_367_bl,blue
puzzle_368_tl,puzzle_368_tr,puzzle_368_bl,red
puzzle_369_tl,puzzle_369_tr,puzzle_369_bl,green
puzzle_370_tl,puzzle_370_tr,puzzle_370_bl,red
puzzle_371_tl,puzzle_371_tr,puzzle_371_bl,blue
puzzle_372_tl,puzzle_372_tr,puzzle_372_bl,red
puzzle_373_tl,puzzle_373_tr,puzzle_373_bl,green
puzzle_374_tl,puzzle_374_tr,puzzle_374_bl,cyan
puzzle_375_tl,puzzle_375_tr,puzzle_375_bl,magenta
puzzle_376_tl,puzzle_376_tr,puzzle_376_bl,yellow
puzzle_377_tl,puzzle_377_tr,puzzle_377_bl,cyan
puzzle_378_tl,puzzle_378_tr,puzzle_378_bl,yellow
puzzle_379_tl,puzzle_379_tr,puzzle_379_bl,red
puzzle_380_tl,puzzle_380_tr,puzzle_380_bl,yellow
puzzle_381_tl,puzzle_381_tr,puzzle_381_bl,red
puzzle_382_tl,puzzle_382_tr,puzzle_382_bl,yellow
puzzle_383_tl,puzzle_383_tr,puzzle_383_bl,red
puzzle_384_tl,puzzle_384_tr,puzzle_384_bl,blue
puzzle_385_tl,puzzle_385_tr,puzzle_385_bl,blue
puzzle_386_tl,puzzle_386_tr,puzzle_386_bl,cyan
puzzle_387_tl,puzzle_387_tr,puzzle_387_bl,blue
puzzle_388_tl,puzzle_388_tr,puzzle_388_bl,yellow
puzzle_389_tl,puzzle_389_tr,puzzle_389_bl,green
puzzle_390_tl,puzzle_390_tr,puzzle_390_bl,magenta
puzzle_391_tl,puzzle_391_tr,puzzle_391_bl,red
puzzle_392_tl,puzzle_392_tr,puzzle_392_bl,red
puzzle_393_tl,puzzle_393_tr,puzzle_393_bl,green
puzzle_394_tl,puzzle_394_tr,puzzle_394_bl,blue
puzzle_395_tl,puzzle_395_tr,puzzle_395_bl,red
puzzle_396_tl,puzzle_396_tr,puzzle_396_bl,red
puzzle_397_tl,puzzle_397_tr,puzzle_397_bl,blue
puzzle_398_tl,puzzle_398_tr,puzzle_398_bl,yellow
puzzle_399_tl,puzzle_399_tr,puzzle_399_bl,blue
puzzle_400_tl,puzzle_400_tr,puzzle_400_bl,blue
puzzle_401_tl,puzzle_401_tr,puzzle_401_bl,cyan
puzzle_402_tl,puzzle_402_tr,puzzle_402_bl,green
puzzle_403_tl,puzzle_403_tr,puzzle_403_bl,red
puzzle_404_tl,puzzle_404_tr,puzzle_404_bl,red
puzzle_405_tl,puzzle_405_tr,puzzle_405_bl,red
puzzle_406_tl,puzzle_406_tr,puzzle_406_bl,yellow
puzzle_407_tl,puzzle_407_tr,puzzle_407_bl,magenta
puzzle_408_tl,puzzle_408_tr,puzzle_408_bl,cyan
puzzle_409_tl,puzzle_409_tr,puzzle_409_bl,magenta
puzzle_410_tl,puzzle_410_tr,puzzle_410_bl,red
puzzle_411_tl,puzzle_411_tr,puzzle_411_bl,cyan
puzzle_412_tl,puzzle_412_tr,puzzle_412_bl,red
puzzle_413_tl,puzzle_413_tr,puzzle_413_bl,blue
puzzle_414_tl,puzzle_414_tr,puzzle_414_bl,magenta
puzzle_415_tl,puzzle_415_tr,puzzle_415_bl,blue
puzzle_416_tl,puzzle_416_tr,puzzle_416_bl,blue
puzzle_417_tl,puzzle_417_tr,puzzle_417_bl,blue
puzzle_418_tl,puzzle_418_tr,puzzle_418_bl,cyan
puzzle_419_tl,puzzle_419_tr,puzzle_419_bl,magenta
puzzle_420_tl,puzzle_420_tr,puzzle_420_bl,red
puzzle_421_tl,puzzle_421_tr,puzzle_421_bl,yellow
puzzle_422_tl,puzzle_422_tr,puzzle_422_bl,green
puzzle_423_tl,puzzle_423_tr,puzzle_423_bl,red
puzzle_424_tl,puzzle_424_tr,puzzle_424_bl,red
puzzle_425_tl,puzzle_425_tr,puzzle_425_bl,magenta
puzzle_426_tl,puzzle_426_tr,puzzle_426_bl,magenta
puzzle_427_tl,puzzle_427_tr,puzzle_427_bl,green
puzzle_428_tl,puzzle_428_tr,puzzle_428_bl,red
puzzle_429_tl,puzzle_429_tr,puzzle_429_bl,yellow
puzzle_430_tl,puzzle_430_tr,puzzle_430_bl,red
puzzle_431_tl,puzzle_431_tr,puzzle_431_bl,green
puzzle_432_tl,puzzle_432_tr,puzzle_432_bl,red
puzzle_433_tl,puzzle_433_tr,puzzle_433_bl,magenta
puzzle_434_tl,puzzle_434_tr,puzzle_434_bl,magenta
puzzle_435_tl,puzzle_435_tr,puzzle_435_bl,green
puzzle_436_tl,puzzle_436_tr,puzzle_436_bl,yellow
puzzle_437_tl,puzzle_437_tr,puzzle_437_bl,blue
puzzle_438_tl,puzzle_438_tr,puzzle_438_bl,yellow
puzzle_439_tl,puzzle_439_tr,puzzle_439_bl,green
puzzle_440_tl,puzzle_440_tr,puzzle_440_bl,red
puzzle_441_tl,puzzle_441_tr,puzzle_441_bl,red
puzzle_442_tl,puzzle_442_tr,puzzle_442_bl,magenta
puzzle_443_tl,puzzle_443_tr,puzzle_443_bl,cyan
puzzle_444_tl,puzzle_444_tr,puzzle_444_bl,blue
puzzle_445_tl,puzzle_445_tr,puzzle_445_bl,yellow
puzzle_446_tl,puzzle_446_tr,puzzle_446_bl,magenta
puzzle_447_tl,puzzle_447_tr,puzzle_447_bl,cyan
puzzle_448_tl,puzzle_448_tr,puzzle_448_bl,magenta
puzzle_449_tl,puzzle_449_tr,puzzle_449_bl,red
puzzle_450_tl,puzzle_450_tr,puzzle_450_bl,magenta
puzzle_451_tl,puzzle_451_tr,puzzle_451_bl,yellow
puzzle_452_tl,puzzle_452_tr,puzzle_452_bl,blue
puzzle_453_tl,puzzle_453_tr,puzzle_453_bl,yellow
puzzle_454_tl,puzzle_454_tr,puzzle_454_bl,magenta
puzzle_455_tl,puzzle_455_tr,puzzle_455_bl,green
puzzle_456_tl,puzzle_456_tr,puzzle_456_bl,magenta
puzzle_457_tl,puzzle_457_tr,puzzle_457_bl,blue
puzzle_458_tl,puzzle_458_tr,puzzle_458_bl,cyan
puzzle_459_tl,puzzle_459_tr,puzzle_459_bl,cyan
puzzle_460_tl,puzzle_460_tr,puzzle_460_bl,red
puzzle_461_tl,puzzle_461_tr,puzzle_461_bl,magenta
puzzle_462_tl,puzzle_462_tr,puzzle_462_bl,yellow
puzzle_463_tl,puzzle_463_tr,puzzle_463_bl,red
puzzle_464_tl,puzzle_464_tr,puzzle_464_bl,blue
puzzle_465_tl,puzzle_465_tr,puzzle_465_bl,cyan
puzzle_466_tl,puzzle_466_tr,puzzle_466_bl,red
puzzle_467_tl,puzzle_467_tr,puzzle_467_bl,cyan
puzzle_468_tl,puzzle_468_tr,puzzle_468_bl,magenta
puzzle_469_tl,puzzle_469_tr,puzzle_469_bl,magenta
puzzle_470_tl,puzzle_470_tr,puzzle_470_bl,cyan
puzzle_471_tl,puzzle_471_tr,puzzle_471_bl,red
puzzle_472_tl,puzzle_472_tr,puzzle_472_bl,cyan
puzzle_473_tl,puzzle_473_tr,puzzle_473_bl,red
puzzle_474_tl,puzzle_474_tr,puzzle_474_bl,blue
puzzle_475_tl,puzzle_475_tr,puzzle_475_bl,yellow
puzzle_476_tl,puzzle_476_tr,puzzle_476_bl,yellow
puzzle_477_tl,puzzle_477_tr,puzzle_477_bl,magenta
puzzle_478_tl,puzzle_478_tr,puzzle_478_bl,green
puzzle_479_tl,puzzle_479_tr,puzzle_479_bl,green
puzzle_480_tl,puzzle_480_tr,puzzle_480_bl,magenta
puzzle_481_tl,puzzle_481_tr,puzzle_481_bl,magenta
puzzle_482_tl,puzzle_482_tr,puzzle_482_bl,magenta
puzzle_483_tl,puzzle_483_tr,puzzle_483_bl,magenta
puzzle_484_tl,puzzle_484_tr,puzzle_484_bl,magenta
puzzle_485_tl,puzzle_485_tr,puzzle_485_bl,red
puzzle_486_tl,puzzle_486_tr,puzzle_486_bl,green
puzzle_487_tl,puzzle_487_tr,puzzle_487_bl,magenta
puzzle_488_tl,puzzle_488_tr,puzzle_488_bl,red
puzzle_489_tl,puzzle_489_tr,puzzle_489_bl,magenta
puzzle_490_tl,puzzle_490_tr,puzzle_490_bl,cyan
puzzle_491_tl,puzzle_491_tr,puzzle_491_bl,green
puzzle_492_tl,puzzle_492_tr,puzzle_492_bl,red
puzzle_493_tl,puzzle_493_tr,puzzle_493_bl,magenta
puzzle_494_tl,puzzle_494_tr,puzzle_494_bl,yellow
puzzle_495_tl,puzzle_495_tr,puzzle_495_bl,cyan
puzzle_496_tl,puzzle_496_tr,puzzle_496_bl,magenta
puzzle_497_tl,puzzle_497_tr,puzzle_497_bl,cyan
puzzle_498_tl,puzzle_498_tr,puzzle_498_bl,green
puzzle_499_tl,puzzle_499_tr,puzzle_499_bl,blue
puzzle_500_tl,puzzle_500_tr,puzzle_500_bl,magenta
puzzle_501_tl,puzzle_501_tr,puzzle_501_bl,cyan
puzzle_502_tl,puzzle_502_tr,puzzle_502_bl,yellow
puzzle_503_tl,puzzle_503_tr,puzzle_503_bl,red
puzzle_504_tl,puzzle_504_tr,puzzle_504_bl,yellow
puzzle_505_tl,puzzle_505_tr,puzzle_505_bl,magenta
puzzle_506_tl,puzzle_506_tr,puzzle_506_bl,yellow
puzzle_507_tl,puzzle_507_tr,puzzle_507_bl,green
puzzle_508_tl,puzzle_508_tr,puzzle_508_bl,red
puzzle_509_tl,puzzle_509_tr,puzzle_509_bl,cyan
puzzle_510_tl,puzzle_510_tr,puzzle_510_bl,blue
puzzle_511_tl,puzzle_511_tr,puzzle_511_bl,green
puzzle_512_tl,puzzle_512_tr,puzzle_512_bl,yellow
puzzle_513_tl,puzzle_513_tr,puzzle_513_bl,red
puzzle_514_tl,puzzle_514_tr,puzzle_514_bl,yellow
puzzle_515_tl,puzzle_515_tr,puzzle_515_bl,green
puzzle_516_tl,puzzle_516_tr,puzzle_516_bl,green
puzzle_517_tl,puzzle_517_tr,puzzle_517_bl,red
puzzle_518_tl,puzzle_518_tr,puzzle_518_bl,magenta
puzzle_519_tl,puzzle_519_tr,puzzle_519_bl,green
puzzle_520_tl,puzzle_520_tr,puzzle_520_bl,red
puzzle_521_tl,puzzle_521_tr,puzzle_521_bl,green
puzzle_522_tl,puzzle_522_tr,puzzle_522_bl,magenta
puzzle_523_tl,puzzle_523_tr,puzzle_523_bl,yellow
puzzle_524_tl,puzzle_524_tr,puzzle_524_bl,yellow
puzzle_525_tl,puzzle_525_tr,puzzle_525_bl,green
puzzle_526_tl,puzzle_526_tr,puzzle_526_bl,cyan
puzzle_527_tl,puzzle_527_tr,puzzle_527_bl,blue
puzzle_528_tl,puzzle_528_tr,puzzle_528_bl,red
puzzle_529_tl,puzzle_529_tr,puzzle_529_bl,cyan
puzzle_530_tl,puzzle_530_tr,puzzle_530_bl,green
puzzle_531_tl,puzzle_531_tr,puzzle_531_bl,yellow
puzzle_532_tl,puzzle_532_tr,puzzle_532_bl,blue
puzzle_533_tl,puzzle_533_tr,puzzle_533_bl,magenta
puzzle_534_tl,puzzle_534_tr,puzzle_534_bl,yellow
puzzle_535_tl,puzzle_535_tr,puzzle_535_bl,magenta
puzzle_536_tl,puzzle_536_tr,puzzle_536_bl,green
puzzle_537_tl,puzzle_537_tr,puzzle_537_bl,green
puzzle_538_tl,puzzle_538_tr,puzzle_538_bl,red
puzzle_539_tl,puzzle_539_tr,puzzle_539_bl,green
puzzle_540_tl,puzzle_540_tr,puzzle_540_bl,green
puzzle_541_tl,puzzle_541_tr,puzzle_541_bl,magenta
puzzle_542_tl,puzzle_542_tr,puzzle_542_bl,blue
puzzle_543_tl,puzzle_543_tr,puzzle_543_bl,yellow
puzzle_544_tl,puzzle_544_tr,puzzle_544_bl,cyan
puzzle_545_tl,puzzle_545_tr,puzzle_545_bl,yellow
puzzle_546_tl,puzzle_546_tr,puzzle_546_bl,red
puzzle_547_tl,puzzle_547_tr,puzzle_547_bl,green
puzzle_548_tl,puzzle_548_tr,puzzle_548_bl,green
puzzle_549_tl,puzzle_549_tr,puzzle_549_bl,cyan
puzzle_550_tl,puzzle_550_tr,puzzle_550_bl,blue
puzzle_551_tl,puzzle_551_tr,puzzle_551_bl,blue
puzzle_552_tl,puzzle_552_tr,puzzle_552_bl,yellow
puzzle_553_tl,puzzle_553_tr,puzzle_553_bl,magenta
puzzle_554_tl,puzzle_554_tr,puzzle_554_bl,red
puzzle_555_tl,puzzle_555_tr,puzzle_555_bl,yellow
puzzle_556_tl,puzzle_556_tr,puzzle_556_bl,yellow
puzzle_557_tl,puzzle_557_tr,puzzle_557_bl,blue
puzzle_558_tl,puzzle_558_tr,puzzle_558_bl,cyan
puzzle_559_tl,puzzle_559_tr,puzzle_559_bl,green
puzzle_560_tl,puzzle_560_tr,puzzle_560_bl,green
puzzle_561_tl,puzzle_561_tr,puzzle_561_bl,green
puzzle_562_tl,puzzle_562_tr,puzzle_562_bl,blue
puzzle_563_tl,puzzle_563_tr,puzzle_563_bl,magenta
puzzle_564_tl,puzzle_564_tr,puzzle_564_bl,blue
puzzle_565_tl,puzzle_565_tr,puzzle_565_bl,yellow
puzzle_566_tl,puzzle_566_tr,puzzle_566_bl,red
puzzle_567_tl,puzzle_567_tr,puzzle_567_bl,cyan
puzzle_568_tl,puzzle_568_tr,puzzle_568_bl,blue
puzzle_569_tl,puzzle_569_tr,puzzle_569_bl,blue
puzzle_570_tl,puzzle_570_tr,puzzle_570_bl,green
puzzle_571_tl,puzzle_571_tr,puzzle_571_bl,cyan
puzzle_572_tl,puzzle_572_tr,puzzle_572_bl,magenta
puzzle_573_tl,puzzle_573_tr,puzzle_573_bl,red
puzzle_574_tl,puzzle_574_tr,puzzle_574_bl,red
puzzle_575_tl,puzzle_575_tr,puzzle_575_bl,cyan
puzzle_576_tl,puzzle_576_tr,puzzle_576_bl,magenta
puzzle_577_tl,puzzle_577_tr,puzzle_577_bl,blue
puzzle_578_tl,puzzle_578_tr,puzzle_578_bl,red
puzzle_579_tl,puzzle_579_tr,puzzle_579_bl,blue
puzzle_580_tl,puzzle_580_tr,puzzle_580_bl,red
puzzle_581_tl,puzzle_581_tr,puzzle_581_bl,magenta
puzzle_582_tl,puzzle_582_tr,puzzle_582_bl,magenta
puzzle_583_tl,puzzle_583_tr,puzzle_583_bl,yellow
puzzle_584_tl,puzzle_584_tr,puzzle_584_bl,yellow
puzzle_585_tl,puzzle_585_tr,puzzle_585_bl,blue
puzzle_586_tl,puzzle_586_tr,puzzle_586_bl,red
puzzle_587_tl,puzzle_587_tr,puzzle_587_bl,green
puzzle_588_tl,puzzle_588_tr,puzzle_588_bl,cyan
puzzle_589_tl,puzzle_589_tr,puzzle_589_bl,blue
puzzle_590_tl,puzzle_590_tr,puzzle_590_bl,green
puzzle_591_tl,puzzle_591_tr,puzzle_591_bl,green
puzzle_592_tl,puzzle_592_tr,puzzle_592_bl,blue
puzzle_593_tl,puzzle_593_tr,puzzle_593_bl,red
puzzle_594_tl,puzzle_594_tr,puzzle_594_bl,blue
puzzle_595_tl,puzzle_595_tr,puzzle_595_bl,cyan
puzzle_596_tl,puzzle_596_tr,puzzle_596_bl,green
puzzle_597_tl,puzzle_597_tr,puzzle_597_bl,magenta
puzzle_598_tl,puzzle_598_tr,puzzle_598_bl,red
puzzle_599_tl,puzzle_599_tr,puzzle_599_bl,magenta
puzzle_600_tl,puzzle_600_tr,puzzle_600_bl,red
puzzle_601_tl,puzzle_601_tr,puzzle_601_bl,cyan
puzzle_602_tl,puzzle_602_tr,puzzle_602_bl,yellow
puzzle_603_tl,puzzle_603_tr,puzzle_603_bl,cyan
puzzle_604_tl,puzzle_604_tr,puzzle_604_bl,blue
puzzle_605_tl,puzzle_605_tr,puzzle_605_bl,red
puzzle_606_tl,puzzle_606_tr,puzzle_606_bl,red
puzzle_607_tl,puzzle_607_tr,puzzle_607_bl,cyan
puzzle_608_tl,puzzle_608_tr,puzzle_608_bl,red
puzzle_609_tl,puzzle_609_tr,puzzle_609_bl,red
puzzle_610_tl,puzzle_610_tr,puzzle_610_bl,magenta
puzzle_611_tl,puzzle_611_tr,puzzle_611_bl,cyan
puzzle_612_tl,puzzle_612_tr,puzzle_612_bl,blue
puzzle_613_tl,puzzle_613_tr,puzzle_613_bl,magenta
puzzle_614_tl,puzzle_614_tr,puzzle_614_bl,cyan
puzzle_615_tl,puzzle_615_tr,puzzle_615_bl,red
puzzle_616_tl,puzzle_616_tr,puzzle_616_bl,green
puzzle_617_tl,puzzle_617_tr,puzzle_617_bl,magenta
puzzle_618_tl,puzzle_618_tr,puzzle_618_bl,cyan
puzzle_619_tl,puzzle_619_tr,puzzle_619_bl,red
puzzle_620_tl,puzzle_620_tr,puzzle_620_bl,blue
puzzle_621_tl,puzzle_621_tr,puzzle_621_bl,magenta
puzzle_622_tl,puzzle_622_tr,puzzle_622_bl,yellow
puzzle_623_tl,puzzle_623_tr,puzzle_623_bl,cyan
puzzle_624_tl,puzzle_624_tr,puzzle_624_bl,cyan
puzzle_625_tl,puzzle_625_tr,puzzle_625_bl,green
puzzle_626_tl,puzzle_626_tr,puzzle_626_bl,magenta
puzzle_627_tl,puzzle_627_tr,puzzle_627_bl,yellow
puzzle_628_tl,puzzle_628_tr,puzzle_628_bl,cyan
puzzle_629_tl,puzzle_629_tr,puzzle_629_bl,yellow
puzzle_630_tl,puzzle_630_tr,puzzle_630_bl,red
puzzle_631_tl,puzzle_631_tr,puzzle_631_bl,blue
puzzle_632_tl,puzzle_632_tr,puzzle_632_bl,red
puzzle_633_tl,puzzle_633_tr,puzzle_633_bl,cyan
puzzle_634_tl,puzzle_634_tr,puzzle_634_bl,blue
puzzle_635_tl,puzzle_635_tr,puzzle_635_bl,magenta
puzzle_636_tl,puzzle_636_tr,puzzle_636_bl,cyan
puzzle_637_tl,puzzle_637_tr,puzzle_637_bl,magenta
puzzle_638_tl,puzzle_638_tr,puzzle_638_bl,magenta
puzzle_639_tl,puzzle_639_tr,puzzle_639_bl,green
puzzle_640_tl,puzzle_640_tr,puzzle_640_bl,green
puzzle_641_tl,puzzle_641_tr,puzzle_641_bl,cyan
puzzle_642_tl,puzzle_642_tr,puzzle_642_bl,magenta
puzzle_643_tl,puzzle_643_tr,puzzle_643_bl,cyan
puzzle_644_tl,puzzle_644_tr,puzzle_644_bl,blue
puzzle_645_tl,puzzle_645_tr,puzzle_645_bl,red
puzzle_646_tl,puzzle_646_tr,puzzle_646_bl,blue
puzzle_647_tl,puzzle_647_tr,puzzle_647_bl,green
puzzle_648_tl,puzzle_648_tr,puzzle_648_bl,blue
puzzle_649_tl,puzzle_649_tr,puzzle_649_bl,cyan
puzzle_650_tl,puzzle_650_tr,puzzle_650_bl,red
puzzle_651_tl,puzzle_651_tr,puzzle_651_bl,magenta
puzzle_652_tl,puzzle_652_tr,puzzle_652_bl,red
puzzle_653_tl,puzzle_653_tr,puzzle_653_bl,yellow
puzzle_654_tl,puzzle_654_tr,puzzle_654_bl,red
puzzle_655_tl,puzzle_655_tr,puzzle_655_bl,blue
puzzle_656_tl,puzzle_656_tr,puzzle_656_bl,blue
puzzle_657_tl,puzzle_657_tr,puzzle_657_bl,yellow
puzzle_658_tl,puzzle_658_tr,puzzle_658_bl,yellow
puzzle_659_tl,puzzle_659_tr,puzzle_659_bl,blue
puzzle_660_tl,puzzle_660_tr,puzzle_660_bl,blue
puzzle_661_tl,puzzle_661_tr,puzzle_661_bl,green
puzzle_662_tl,puzzle_662_tr,puzzle_662_bl,green
puzzle_663_tl,puzzle_663_tr,puzzle_663_bl,green
puzzle_664_tl,puzzle_664_tr,puzzle_664_bl,blue
puzzle_665_tl,puzzle_665_tr,puzzle_665_bl,red
puzzle_666_tl,puzzle_666_tr,puzzle_666_bl,yellow
puzzle_667_tl,puzzle_667_tr,puzzle_667_bl,cyan
puzzle_668_tl,puzzle_668_tr,puzzle_668_bl,red
puzzle_669_tl,puzzle_669_tr,puzzle_669_bl,red
puzzle_670_tl,puzzle_670_tr,puzzle_670_bl,blue
puzzle_671_tl,puzzle_671_tr,puzzle_671_bl,red
puzzle_672_tl,puzzle_672_tr,puzzle_672_bl,yellow
puzzle_673_tl,puzzle_673_tr,puzzle_673_bl,red
puzzle_674_tl,puzzle_674_tr,puzzle_674_bl,cyan
puzzle_675_tl,puzzle_675_tr,puzzle_675_bl,magenta
puzzle_676_tl,puzzle_676_tr,puzzle_676_bl,yellow
puzzle_677_tl,puzzle_677_tr,puzzle_677_bl,yellow
puzzle_678_tl,puzzle_678_tr,puzzle_678_bl,blue
puzzle_679_tl,puzzle_679_tr,puzzle_679_bl,green
puzzle_680_tl,puzzle_680_tr,puzzle_680_bl,cyan
puzzle_681_tl,puzzle_681_tr,puzzle_681_bl,green
puzzle_682_tl,puzzle_682_tr,puzzle_682_bl,yellow
puzzle_683_tl,puzzle_683_tr,puzzle_683_bl,green
puzzle_684_tl,puzzle_684_tr,puzzle_684_bl,yellow
puzzle_685_tl,puzzle_685_tr,puzzle_685_bl,cyan
puzzle_686_tl,puzzle_686_tr,puzzle_686_bl,blue
puzzle_687_tl,puzzle_687_tr,puzzle_687_bl,red
puzzle_688_tl,puzzle_688_tr,puzzle_688_bl,cyan
puzzle_689_tl,puzzle_689_tr,puzzle_689_bl,red
puzzle_690_tl,puzzle_690_tr,puzzle_690_bl,magenta
puzzle_691_tl,puzzle_691_tr,puzzle_691_bl,cyan
puzzle_692_tl,puzzle_692_tr,puzzle_692_bl,magenta
puzzle_693_tl,puzzle_693_tr,puzzle_693_bl,blue
puzzle_694_tl,puzzle_694_tr,puzzle_694_bl,yellow
puzzle_695_tl,puzzle_695_tr,puzzle_695_bl,magenta
puzzle_696_tl,puzzle_696_tr,puzzle_696_bl,magenta
puzzle_697_tl,puzzle_697_tr,puzzle_697_bl,green
puzzle_698_tl,puzzle_698_tr,puzzle_698_bl,green
puzzle_699_tl,puzzle_699_tr,puzzle_699_bl,blue
puzzle_700_tl,puzzle_700_tr,puzzle_700_bl,red
puzzle_701_tl,puzzle_701_tr,puzzle_701_bl,red
puzzle_702_tl,puzzle_702_tr,puzzle_702_bl,green
puzzle_703_tl,puzzle_703_tr,puzzle_703_bl,green
puzzle_704_tl,puzzle_704_tr,puzzle_704_bl,green
puzzle_705_tl,puzzle_705_tr,puzzle_705_bl,red
puzzle_706_tl,puzzle_706_tr,puzzle_706_bl,yellow
puzzle_707_tl,puzzle_707_tr,puzzle_707_bl,blue
puzzle_708_tl,puzzle_708_tr,puzzle_708_bl,magenta
puzzle_709_tl,puzzle_709_tr,puzzle_709_bl,red
puzzle_710_tl,puzzle_710_tr,puzzle_710_bl,green
puzzle_711_tl,puzzle_711_tr,puzzle_711_bl,blue
puzzle_712_tl,puzzle_712_tr,puzzle_712_bl,yellow
puzzle_713_tl,puzzle_713_tr,puzzle_713_bl,blue
puzzle_714_tl,puzzle_714_tr,puzzle_714_bl,cyan
puzzle_715_tl,puzzle_715_tr,puzzle_715_bl,cyan
puzzle_716_tl,puzzle_716_tr,puzzle_716_bl,yellow
puzzle_717_tl,puzzle_717_tr,puzzle_717_bl,cyan
puzzle_718_tl,puzzle_718_tr,puzzle_718_bl,blue
puzzle_719_tl,puzzle_719_tr,puzzle_719_bl,cyan
puzzle_720_tl,puzzle_720_tr,puzzle_720_bl,cyan
puzzle_721_tl,puzzle_721_tr,puzzle_721_bl,cyan
puzzle_722_tl,puzzle_722_tr,puzzle_722_bl,cyan
puzzle_723_tl,puzzle_723_tr,puzzle_723_bl,cyan
puzzle_724_tl,puzzle_724_tr,puzzle_724_bl,magenta
puzzle_725_tl,puzzle_725_tr,puzzle_725_bl,yellow
puzzle_726_tl,puzzle_726_tr,puzzle_726_bl,blue
puzzle_727_tl,puzzle_727_tr,puzzle_727_bl,blue
puzzle_728_tl,puzzle_728_tr,puzzle_728_bl,cyan
puzzle_729_tl,puzzle_729_tr,puzzle_729_bl,magenta
puzzle_730_tl,puzzle_730_tr,puzzle_730_bl,magenta
puzzle_731_tl,puzzle_731_tr,puzzle_731_bl,green
puzzle_732_tl,puzzle_732_tr,puzzle_732_bl,magenta
puzzle_733_tl,puzzle_733_tr,puzzle_733_bl,red
puzzle_734_tl,puzzle_734_tr,puzzle_734_bl,red
puzzle_735_tl,puzzle_735_tr,puzzle_735_bl,red
puzzle_736_tl,puzzle_736_tr,puzzle_736_bl,magenta
puzzle_737_tl,puzzle_737_tr,puzzle_737_bl,magenta
puzzle_738_tl,puzzle_738_tr,puzzle_738_bl,blue
puzzle_739_tl,puzzle_739_tr,puzzle_739_bl,yellow
puzzle_740_tl,puzzle_740_tr,puzzle_740_bl,magenta
puzzle_741_tl,puzzle_741_tr,puzzle_741_bl,green
puzzle_742_tl,puzzle_742_tr,puzzle_742_bl,red
puzzle_743_tl,puzzle_743_tr,puzzle_743_bl,blue
puzzle_744_tl,puzzle_744_tr,puzzle_744_bl,red
puzzle_745_tl,puzzle_745_tr,puzzle_745_bl,green
puzzle_746_tl,puzzle_746_tr,puzzle_746_bl,yellow
puzzle_747_tl,puzzle_747_tr,puzzle_747_bl,blue
puzzle_748_tl,puzzle_748_tr,puzzle_748_bl,magenta
puzzle_749_tl,puzzle_749_tr,puzzle_749_bl,red
puzzle_750_tl,puzzle_750_tr,puzzle_750_bl,cyan
puzzle_751_tl,puzzle_751_tr,puzzle_751_bl,red
puzzle_752_tl,puzzle_752_tr,puzzle_752_bl,blue
puzzle_753_tl,puzzle_753_tr,puzzle_753_bl,yellow
puzzle_754_tl,puzzle_754_tr,puzzle_754_bl,green
puzzle_755_tl,puzzle_755_tr,puzzle_755_bl,red
puzzle_756_tl,puzzle_756_tr,puzzle_756_bl,red
puzzle_757_tl,puzzle_757_tr,puzzle_757_bl,green
puzzle_758_tl,puzzle_758_tr,puzzle_758_bl,magenta
puzzle_759_tl,puzzle_759_tr,puzzle_759_bl,cyan
puzzle_760_tl,puzzle_760_tr,puzzle_760_bl,green
puzzle_761_tl,puzzle_761_tr,puzzle_761_bl,cyan
puzzle_762_tl,puzzle_762_tr,puzzle_762_bl,cyan
puzzle_763_tl,puzzle_763_tr,puzzle_763_bl,green
puzzle_764_tl,puzzle_764_tr,puzzle_764_bl,blue
puzzle_765_tl,puzzle_765_tr,puzzle_765_bl,cyan
puzzle_766_tl,puzzle_766_tr,puzzle_766_bl,blue
puzzle_767_tl,puzzle_767_tr,puzzle_767_bl,red
puzzle_768_tl,puzzle_768_tr,puzzle_768_bl,yellow
puzzle_769_tl,puzzle_769_tr,puzzle_769_bl,blue
puzzle_770_tl,puzzle_770_tr,puzzle_770_bl,yellow
puzzle_771_tl,puzzle_771_tr,puzzle_771_bl,blue
puzzle_772_tl,puzzle_772_tr,puzzle_772_bl,magenta
puzzle_773_tl,puzzle_773_tr,puzzle_773_bl,cyan
puzzle_774_tl,puzzle_774_tr,puzzle_774_bl,green
puzzle_775_tl,puzzle_775_tr,puzzle_775_bl,yellow
puzzle_776_tl,puzzle_776_tr,puzzle_776_bl,magenta
puzzle_777_tl,puzzle_777_tr,puzzle_777_bl,magenta
puzzle_778_tl,puzzle_778_tr,puzzle_778_bl,red
puzzle_779_tl,puzzle_779_tr,puzzle_779_bl,blue
puzzle_780_tl,puzzle_780_tr,puzzle_780_bl,blue
puzzle_781_tl,puzzle_781_tr,puzzle_781_bl,red
puzzle_782_tl,puzzle_782_tr,puzzle_782_bl,cyan
puzzle_783_tl,puzzle_783_tr,puzzle_783_bl,green
puzzle_784_tl,puzzle_784_tr,puzzle_784_bl,yellow
puzzle_785_tl,puzzle_785_tr,puzzle_785_bl,blue
puzzle_786_tl,puzzle_786_tr,puzzle_786_bl,cyan
puzzle_787_tl,puzzle_787_tr,puzzle_787_bl,red
puzzle_788_tl,puzzle_788_tr,puzzle_788_bl,blue
puzzle_789_tl,puzzle_789_tr,puzzle_789_bl,yellow
puzzle_790_tl,puzzle_790_tr,puzzle_790_bl,magenta
puzzle_791_tl,puzzle_791_tr,puzzle_791_bl,green
puzzle_792_tl,puzzle_792_tr,puzzle_792_bl,cyan
puzzle_793_tl,puzzle_793_tr,puzzle_793_bl,blue
puzzle_794_tl,puzzle_794_tr,puzzle_794_bl,green
puzzle_795_tl,puzzle_795_tr,puzzle_795_bl,green
puzzle_796_tl,puzzle_796_tr,puzzle_796_bl,magenta
puzzle_797_tl,puzzle_797_tr,puzzle_797_bl,cyan
puzzle_798_tl,puzzle_798_tr,puzzle_798_bl,yellow
puzzle_799_tl,puzzle_799_tr,puzzle_799_bl,green
